Device	Manufacturer	RawId	SizeBytes	PageSize	Volts	Protocol	CommandSet	Type	Supported
ACE25C512	ACE	A13110	65536	256	3.3	SPI	25xx	SPI_NOR	true
AT25DN256	ADESTO	1F4000	32768	256	3.3	SPI	25xx	SPI_NOR	true
A25L005	AMIC	373010	65536	256	3.3	SPI	25xx	SPI_NOR	true
A25L010	AMIC	373011	131072	256	3.3	SPI	25xx	SPI_NOR	true
A25L016	AMIC	373015	2097152	256	3.3	SPI	25xx	SPI_NOR	true
A25L020	AMIC	373012	262144	256	3.3	SPI	25xx	SPI_NOR	true
A25L032	AMIC	373016	4194304	256	3.3	SPI	25xx	SPI_NOR	true
A25L040	AMIC	373013	524288	256	3.3	SPI	25xx	SPI_NOR	true
A25L05PT	AMIC	372020	65536	256	3.3	SPI	25xx	SPI_NOR	true
A25L05PU	AMIC	372010	65536	256	3.3	SPI	25xx	SPI_NOR	true
A25L064	AMIC	373017	8388608	256	3.3	SPI	25xx	SPI_NOR	true
A25L080	AMIC	373014	1048576	256	3.3	SPI	25xx	SPI_NOR	true
A25L10PT	AMIC	372021	131072	256	3.3	SPI	25xx	SPI_NOR	true
A25L10PU	AMIC	372011	131072	256	3.3	SPI	25xx	SPI_NOR	true
A25L128	AMIC	373018	16777216	256	3.3	SPI	25xx	SPI_NOR	true
A25L16PT	AMIC	372025	2097152	256	3.3	SPI	25xx	SPI_NOR	true
A25L16PU	AMIC	372015	2097152	256	3.3	SPI	25xx	SPI_NOR	true
A25L20PT	AMIC	372022	262144	256	3.3	SPI	25xx	SPI_NOR	true
A25L20PU	AMIC	372012	262144	256	3.3	SPI	25xx	SPI_NOR	true
A25L40PT	AMIC	372023	524288	256	3.3	SPI	25xx	SPI_NOR	true
A25L40PU	AMIC	372013	524288	256	3.3	SPI	25xx	SPI_NOR	true
A25L512	AMIC	373010	65536	256	3.3	SPI	25xx	SPI_NOR	true
A25L80PT	AMIC	372024	1048576	256	3.3	SPI	25xx	SPI_NOR	true
A25L80PU	AMIC	372014	1048576	256	3.3	SPI	25xx	SPI_NOR	true
A25LQ032	AMIC	374016	4194304	256	1.8	SPI	25xx	SPI_NOR	true
A25LQ064	AMIC	374017	8388608	256	1.8	SPI	25xx	SPI_NOR	true
A25LQ128	AMIC	374018	16777216	256	1.8	SPI	25xx	SPI_NOR	true
A25LQ16	AMIC	374015	2097152	256	1.8	SPI	25xx	SPI_NOR	true
A25LQ32A	AMIC	374016	4194304	256	1.8	SPI	25xx	SPI_NOR	true
ATO25Q32	ATO	9B3216	4194304	256	3.3	SPI	25xx	SPI_NOR	true
AT25010A	Atmel	000000	128	8	3.3	SPI	25xx	SPI_NOR	true
AT25020A	Atmel	000000	256	8	3.3	SPI	25xx	SPI_NOR	true
AT25040A	Atmel	000000	512	8	3.3	SPI	25xx	SPI_NOR	true
AT25080A	Atmel	000000	1024	16	3.3	SPI	25xx	SPI_NOR	true
AT25160A	Atmel	000000	2048	16	3.3	SPI	25xx	SPI_NOR	true
AT25256A	Atmel	000000	32768	64	3.3	SPI	25xx	SPI_NOR	true
AT25320A	Atmel	000000	4096	16	3.3	SPI	25xx	SPI_NOR	true
AT25512	Atmel	000000	65536	128	3.3	SPI	25xx	SPI_NOR	true
AT25640A	Atmel	000000	8192	16	3.3	SPI	25xx	SPI_NOR	true
AT25F512	Atmel	1F65	65536	256	3.3	SPI	25xx	SPI_NOR	true
BH25Q128	BOHONG	684018	16777216	256	3.3	SPI	25xx	SPI_NOR	true
BH25Q16	BOHONG	684015	2097152	256	3.3	SPI	25xx	SPI_NOR	true
BH25Q32	BOHONG	684016	4194304	256	3.3	SPI	25xx	SPI_NOR	true
BH25Q64	BOHONG	684017	8388608	256	3.3	SPI	25xx	SPI_NOR	true
BG25Q128A	Berg Micro	E04018	16777216	256	3.3	SPI	25xx	SPI_NOR	true
BG25Q16A	Berg Micro	E04015	2097152	256	3.3	SPI	25xx	SPI_NOR	true
BG25Q32A	Berg Micro	E04016	4194304	256	3.3	SPI	25xx	SPI_NOR	true
BG25Q40A	Berg Micro	E04013	524288	256	3.3	SPI	25xx	SPI_NOR	true
BG25Q64A	Berg Micro	E04017	8388608	256	3.3	SPI	25xx	SPI_NOR	true
BY25D80	Boya	684014	1048576	256	3.3	SPI	25xx	SPI_NOR	true
BY25Q10	Boya	684011	131072	256	3.3	SPI	25xx	SPI_NOR	true
BY25Q128	Boya	684018	16777216	256	3.3	SPI	25xx	SPI_NOR	true
BY25Q16	Boya	684015	2097152	256	3.3	SPI	25xx	SPI_NOR	true
BY25Q20	Boya	684012	262144	256	3.3	SPI	25xx	SPI_NOR	true
BY25Q256	Boya	684019	33554432	256	3.3	SPI	25xx	SPI_NOR	true
BY25Q32	Boya	684016	4194304	256	3.3	SPI	25xx	SPI_NOR	true
BY25Q40	Boya	684013	524288	256	3.3	SPI	25xx	SPI_NOR	true
BY25Q64	Boya	684017	8388608	256	3.3	SPI	25xx	SPI_NOR	true
BY25Q80	Boya	684014	1048576	256	3.3	SPI	25xx	SPI_NOR	true
BY25Q16AL	BoyaMicro	E06015	2097152	256	1.8	SPI	25xx	SPI_NOR	true
BY25Q64AS	BoyaMicro	684017	8388608	256	3.3	SPI	25xx	SPI_NOR	true
S25FL004A	Cypress	010212	524288	256	3.3	SPI	25xx	SPI_NOR	true
S25FL008A	Cypress	010213	1048576	256	3.3	SPI	25xx	SPI_NOR	true
S25FL016A	Cypress	010214	2097152	256	3.3	SPI	25xx	SPI_NOR	true
S25FL032A	Cypress	010215	4194304	256	3.3	SPI	25xx	SPI_NOR	true
S25FL064A	Cypress	010216	8388608	256	3.3	SPI	25xx	SPI_NOR	true
S25FL116K	Cypress	014015	2097152	256	3.3	SPI	25xx	SPI_NOR	true
S25FL128P	Cypress	012018	16777216	256	3.3	SPI	25xx	SPI_NOR	true
S25FL128S	Cypress	012018	16777216	256	3.3	SPI	25xx	SPI_NOR	true
S25FL132K	Cypress	014016	4194304	256	3.3	SPI	25xx	SPI_NOR	true
S25FL164K	Cypress	014017	8388608	256	3.3	SPI	25xx	SPI_NOR	true
S25FL256S	Cypress	012019	33554432	256	3.3	SPI	25xx	SPI_NOR	true
S25FL512S	Cypress	012020	67108864	256	3.3	SPI	25xx	SPI_NOR	true
AC25LV010	DEUTRON	9D7C00	131072	256	3.3	SPI	25xx	SPI_NOR	true
AC25LV512	DEUTRON	9D7B00	65536	256	3.3	SPI	25xx	SPI_NOR	true
DQ25Q128A	DOUQI	544018	16777216	256	3.3	SPI	25xx	SPI_NOR	true
DQ25Q16A	DOUQI	544015	2097152	256	3.3	SPI	25xx	SPI_NOR	true
DQ25Q32A	DOUQI	544016	4194304	256	3.3	SPI	25xx	SPI_NOR	true
DQ25Q64A	DOUQI	544017	8388608	256	3.3	SPI	25xx	SPI_NOR	true
DS25M128A	Dosilicon	E54018	16777216	256	3.3	SPI	25xx	SPI_NOR	true
DS25M16A	Dosilicon	E54015	2097152	256	3.3	SPI	25xx	SPI_NOR	true
DS25M32A	Dosilicon	E54016	4194304	256	3.3	SPI	25xx	SPI_NOR	true
DS25M4A	Dosilicon	E54013	524288	256	3.3	SPI	25xx	SPI_NOR	true
DS25M64A	Dosilicon	E54017	8388608	256	3.3	SPI	25xx	SPI_NOR	true
DS25M8A	Dosilicon	E54014	1048576	256	3.3	SPI	25xx	SPI_NOR	true
DS25Q128A	Dosilicon	E54018	16777216	256	3.3	SPI	25xx	SPI_NOR	true
DS25Q256A	Dosilicon	E54019	33554432	256	3.3	SPI	25xx	SPI_NOR	true
EM25LV010	ESMT	9D7C00	131072	256	3.3	SPI	25xx	SPI_NOR	true
EM25LV512	ESMT	9D7B00	65536	256	3.3	SPI	25xx	SPI_NOR	true
F25L004A	ESMT	8C2013	524288	256	3.3	SPI	25xx	SPI_NOR	true
F25L008A	ESMT	8C2014	1048576	256	3.3	SPI	25xx	SPI_NOR	true
F25L016A	ESMT	8C2015	2097152	256	3.3	SPI	25xx	SPI_NOR	true
F25L04P	ESMT	8C2013	524288	256	3.3	SPI	25xx	SPI_NOR	true
F25L08P	ESMT	8C2014	1048576	256	3.3	SPI	25xx	SPI_NOR	true
F25L16P	ESMT	8C2015	2097152	256	3.3	SPI	25xx	SPI_NOR	true
F25L32P	ESMT	8C2016	4194304	256	3.3	SPI	25xx	SPI_NOR	true
F25L32Q	ESMT	8C4016	4194304	256	3.3	SPI	25xx	SPI_NOR	true
F25L64QA	ESMT	8C4117	8388608	256	3.3	SPI	25xx	SPI_NOR	true
F25S04P	ESMT	8C3013	524288	256	3.3	SPI	25xx	SPI_NOR	true
ES25M16A	EXCELSEMI	4A3215	2097152	256	3.3	SPI	25xx	SPI_NOR	true
ES25M40A	EXCELSEMI	4A3213	524288	256	3.3	SPI	25xx	SPI_NOR	true
ES25M80A	EXCELSEMI	4A3214	1048576	256	3.3	SPI	25xx	SPI_NOR	true
ES25P10	EXCELSEMI	4A2011	131072	256	3.3	SPI	25xx	SPI_NOR	true
ES25P16	EXCELSEMI	4A2015	2097152	256	3.3	SPI	25xx	SPI_NOR	true
ES25P20	EXCELSEMI	4A2012	262144	256	3.3	SPI	25xx	SPI_NOR	true
ES25P32	EXCELSEMI	4A2016	4194304	256	3.3	SPI	25xx	SPI_NOR	true
ES25P40	EXCELSEMI	4A2013	524288	256	3.3	SPI	25xx	SPI_NOR	true
ES25P80	EXCELSEMI	4A2014	1048576	256	3.3	SPI	25xx	SPI_NOR	true
EN25B05	Eon Silicon	1C2010	65536	256	3.3	SPI	25xx	SPI_NOR	true
EN25B10	Eon Silicon	1C2011	131072	256	3.3	SPI	25xx	SPI_NOR	true
EN25B16	Eon Silicon	1C2015	2097152	256	3.3	SPI	25xx	SPI_NOR	true
EN25B20	Eon Silicon	1C2012	262144	256	3.3	SPI	25xx	SPI_NOR	true
EN25B32	Eon Silicon	1C2016	4194304	256	3.3	SPI	25xx	SPI_NOR	true
EN25B40	Eon Silicon	1C2013	524288	256	3.3	SPI	25xx	SPI_NOR	true
EN25B64	Eon Silicon	1C2017	8388608	256	3.3	SPI	25xx	SPI_NOR	true
EN25B80	Eon Silicon	1C2014	1048576	256	3.3	SPI	25xx	SPI_NOR	true
EN25F05	Eon Silicon	1C3110	65536	256	3.3	SPI	25xx	SPI_NOR	true
EN25F10	Eon Silicon	1C3111	131072	256	3.3	SPI	25xx	SPI_NOR	true
EN25F16	Eon Silicon	1C3115	2097152	256	3.3	SPI	25xx	SPI_NOR	true
EN25F20	Eon Silicon	1C3112	262144	256	3.3	SPI	25xx	SPI_NOR	true
EN25F32	Eon Silicon	1C3116	4194304	256	3.3	SPI	25xx	SPI_NOR	true
EN25F40	Eon Silicon	1C3113	524288	256	3.3	SPI	25xx	SPI_NOR	true
EN25F64	Eon Silicon	1C3117	8388608	256	3.3	SPI	25xx	SPI_NOR	true
EN25F80	Eon Silicon	1C3114	1048576	256	3.3	SPI	25xx	SPI_NOR	true
EN25LF05	Eon Silicon	1C3110	65536	256	3.3	SPI	25xx	SPI_NOR	true
EN25LF10	Eon Silicon	1C3111	131072	256	3.3	SPI	25xx	SPI_NOR	true
EN25LF20	Eon Silicon	1C3112	262144	256	3.3	SPI	25xx	SPI_NOR	true
EN25LF40	Eon Silicon	1C3113	524288	256	3.3	SPI	25xx	SPI_NOR	true
EN25P05	Eon Silicon	1C2010	65536	256	3.3	SPI	25xx	SPI_NOR	true
EN25P10	Eon Silicon	1C2011	131072	256	3.3	SPI	25xx	SPI_NOR	true
EN25P16	Eon Silicon	1C2015	2097152	256	3.3	SPI	25xx	SPI_NOR	true
EN25P20	Eon Silicon	1C2012	262144	256	3.3	SPI	25xx	SPI_NOR	true
EN25P32	Eon Silicon	1C2016	4194304	256	3.3	SPI	25xx	SPI_NOR	true
EN25P40	Eon Silicon	1C2013	524288	256	3.3	SPI	25xx	SPI_NOR	true
EN25P64	Eon Silicon	1C2017	8388608	256	3.3	SPI	25xx	SPI_NOR	true
EN25P80	Eon Silicon	1C2014	1048576	256	3.3	SPI	25xx	SPI_NOR	true
EN25Q128	Eon Silicon	1C3018	16777216	256	3.3	SPI	25xx	SPI_NOR	true
EN25Q16A	Eon Silicon	1C3015	2097152	256	3.3	SPI	25xx	SPI_NOR	true
EN25Q32A	Eon Silicon	1C3016	4194304	256	3.3	SPI	25xx	SPI_NOR	true
EN25Q32B	Eon Silicon	1C3016	4194304	256	3.3	SPI	25xx	SPI_NOR	true
EN25Q40	Eon Silicon	1C3013	524288	256	3.3	SPI	25xx	SPI_NOR	true
EN25Q64	Eon Silicon	1C3017	8388608	256	3.3	SPI	25xx	SPI_NOR	true
EN25Q80A	Eon Silicon	1C3014	1048576	256	3.3	SPI	25xx	SPI_NOR	true
EN25QH128	Eon Silicon	1C7018	16777216	256	3.3	SPI	25xx	SPI_NOR	true
EN25QH16	Eon Silicon	1C7015	2097152	256	3.3	SPI	25xx	SPI_NOR	true
EN25QH256	Eon Silicon	1C7019	33554432	256	3.3	SPI	25xx	SPI_NOR	true
EN25QH32	Eon Silicon	1C7016	4194304	256	3.3	SPI	25xx	SPI_NOR	true
EN25QH64	Eon Silicon	1C7017	8388608	256	3.3	SPI	25xx	SPI_NOR	true
EN25QX128A	Eon Silicon	1C7118	16777216	256	3.3	SPI	25xx	SPI_NOR	true
EN25S40_1.8V	Eon Silicon	1C3813	524288	256	1.8	SPI	25xx	SPI_NOR	true
EN25T16	Eon Silicon	1C5115	2097152	256	3.3	SPI	25xx	SPI_NOR	true
EN25T80	Eon Silicon	1C5114	1048576	256	3.3	SPI	25xx	SPI_NOR	true
FM25Q08A	FIDELIX	F83214	1048576	256	3.3	SPI	25xx	SPI_NOR	true
FM25Q16A	FIDELIX	F83215	2097152	256	3.3	SPI	25xx	SPI_NOR	true
FM25Q32A	FIDELIX	F83216	4194304	256	3.3	SPI	25xx	SPI_NOR	true
FM25Q64A	FIDELIX	F83217	8388608	256	3.3	SPI	25xx	SPI_NOR	true
FM25F005	FM	A13110	65536	256	3.3	SPI	25xx	SPI_NOR	true
FT25H02	FMD	0E4012	262144	256	3.3	SPI	25xx	SPI_NOR	true
FM25Q04	Fudan Micro	A14013	524288	256	3.3	SPI	25xx	SPI_NOR	true
FM25Q08	Fudan Micro	A14014	1048576	256	3.3	SPI	25xx	SPI_NOR	true
FM25Q128	Fudan Micro	A14018	16777216	256	3.3	SPI	25xx	SPI_NOR	true
FM25Q128A	Fudan Micro	A14018	16777216	256	3.3	SPI	25xx	SPI_NOR	true
FM25Q16	Fudan Micro	A14015	2097152	256	3.3	SPI	25xx	SPI_NOR	true
FM25Q256	Fudan Micro	A14019	33554432	256	3.3	SPI	25xx	SPI_NOR	true
FM25Q32	Fudan Micro	A14016	4194304	256	3.3	SPI	25xx	SPI_NOR	true
FM25Q512	Fudan Micro	A14020	67108864	256	3.3	SPI	25xx	SPI_NOR	true
FM25Q64	Fudan Micro	A14017	8388608	256	3.3	SPI	25xx	SPI_NOR	true
GPR25L005E	Generalplus	C22010	65536	256	3.3	SPI	25xx	SPI_NOR	true
GPR25L020B	Generalplus	C22012	262144	256	3.3	SPI	25xx	SPI_NOR	true
GPR25L3203F	Generalplus	C22016	4194304	256	3.3	SPI	25xx	SPI_NOR	true
GD25B128C	GigaDevice	C84018	16777216	256	3.3	SPI	25xx	SPI_NOR	true
GD25B256E	GigaDevice	C84019	33554432	256	3.3	SPI	25xx	SPI_NOR	true
GD25B64B	GigaDevice	C84017	8388608	256	3.3	SPI	25xx	SPI_NOR	true
GD25B64C	GigaDevice	C84017	8388608	256	3.3	SPI	25xx	SPI_NOR	true
GD25B64E	GigaDevice	C84017	8388608	256	3.3	SPI	25xx	SPI_NOR	true
GD25D40	GigaDevice	C83013	524288	256	3.3	SPI	25xx	SPI_NOR	true
GD25D80	GigaDevice	C83014	1048576	256	3.3	SPI	25xx	SPI_NOR	true
GD25F40	GigaDevice	C82013	524288	256	3.3	SPI	25xx	SPI_NOR	true
GD25F80	GigaDevice	C82014	1048576	256	3.3	SPI	25xx	SPI_NOR	true
GD25LB64C_1.8V	GigaDevice	C86017	8388608	256	1.8	SPI	25xx	SPI_NOR	true
GD25LQ064C_1.8V	GigaDevice	C86017	8388608	256	1.8	SPI	25xx	SPI_NOR	true
GD25LQ128C	GigaDevice	C86018	16777216	256	1.8	SPI	25xx	SPI_NOR	true
GD25LQ128C_1.8V	GigaDevice	C86018	16777216	256	1.8	SPI	25xx	SPI_NOR	true
GD25LQ128E	GigaDevice	C86018	16777216	256	1.8	SPI	25xx	SPI_NOR	true
GD25LQ16C	GigaDevice	C86015	2097152	256	1.8	SPI	25xx	SPI_NOR	true
GD25LQ16E	GigaDevice	C86015	2097152	256	1.8	SPI	25xx	SPI_NOR	true
GD25LQ20C	GigaDevice	C86012	262144	256	1.8	SPI	25xx	SPI_NOR	true
GD25LQ20C_1.8V	GigaDevice	C86012	262144	256	1.8	SPI	25xx	SPI_NOR	true
GD25LQ256C	GigaDevice	C86019	33554432	256	1.8	SPI	25xx	SPI_NOR	true
GD25LQ256C_1.8V	GigaDevice	C86019	33554432	256	1.8	SPI	25xx	SPI_NOR	true
GD25LQ256E	GigaDevice	C86019	33554432	256	1.8	SPI	25xx	SPI_NOR	true
GD25LQ32C	GigaDevice	C86016	4194304	256	1.8	SPI	25xx	SPI_NOR	true
GD25LQ32E	GigaDevice	C86016	4194304	256	1.8	SPI	25xx	SPI_NOR	true
GD25LQ40C	GigaDevice	C86013	524288	256	1.8	SPI	25xx	SPI_NOR	true
GD25LQ64C	GigaDevice	C86017	8388608	256	1.8	SPI	25xx	SPI_NOR	true
GD25LQ64E	GigaDevice	C86017	8388608	256	1.8	SPI	25xx	SPI_NOR	true
GD25LQ80C	GigaDevice	C86014	1048576	256	1.8	SPI	25xx	SPI_NOR	true
GD25Q10	GigaDevice	C84011	131072	256	3.3	SPI	25xx	SPI_NOR	true
GD25Q128	GigaDevice	C84018	16777216	256	3.3	SPI	25xx	SPI_NOR	true
GD25Q128B	GigaDevice	C84018	16777216	256	3.3	SPI	25xx	SPI_NOR	true
GD25Q128C	GigaDevice	C84018	16777216	256	3.3	SPI	25xx	SPI_NOR	true
GD25Q128E	GigaDevice	C84018	16777216	256	3.3	SPI	25xx	SPI_NOR	true
GD25Q16	GigaDevice	C84015	2097152	256	3.3	SPI	25xx	SPI_NOR	true
GD25Q16B	GigaDevice	C84015	2097152	256	3.3	SPI	25xx	SPI_NOR	true
GD25Q16E	GigaDevice	C84015	2097152	256	3.3	SPI	25xx	SPI_NOR	true
GD25Q20	GigaDevice	C84012	262144	256	3.3	SPI	25xx	SPI_NOR	true
GD25Q256	GigaDevice	C84019	33554432	256	3.3	SPI	25xx	SPI_NOR	true
GD25Q256E	GigaDevice	C84019	33554432	256	3.3	SPI	25xx	SPI_NOR	true
GD25Q32	GigaDevice	C84016	4194304	256	3.3	SPI	25xx	SPI_NOR	true
GD25Q32B	GigaDevice	C84016	4194304	256	3.3	SPI	25xx	SPI_NOR	true
GD25Q32E	GigaDevice	C84016	4194304	256	3.3	SPI	25xx	SPI_NOR	true
GD25Q40	GigaDevice	C84013	524288	256	3.3	SPI	25xx	SPI_NOR	true
GD25Q512	GigaDevice	C84010	65536	256	3.3	SPI	25xx	SPI_NOR	true
GD25Q64	GigaDevice	C84017	8388608	256	3.3	SPI	25xx	SPI_NOR	true
GD25Q64B	GigaDevice	C84017	8388608	256	3.3	SPI	25xx	SPI_NOR	true
GD25Q64E	GigaDevice	C84017	8388608	256	3.3	SPI	25xx	SPI_NOR	true
GD25Q80	GigaDevice	C84014	1048576	256	3.3	SPI	25xx	SPI_NOR	true
GD25Q80B	GigaDevice	C84014	1048576	256	3.3	SPI	25xx	SPI_NOR	true
GD25Q80C	GigaDevice	C84014	1048576	256	3.3	SPI	25xx	SPI_NOR	true
GD25Q80E	GigaDevice	C84014	1048576	256	3.3	SPI	25xx	SPI_NOR	true
MD25D16	GigaDevice	514015	2097152	256	3.3	SPI	25xx	SPI_NOR	true
MD25D20	GigaDevice	514012	262144	256	3.3	SPI	25xx	SPI_NOR	true
MD25D40	GigaDevice	514013	524288	256	3.3	SPI	25xx	SPI_NOR	true
MD25D80	GigaDevice	514014	1048576	256	3.3	SPI	25xx	SPI_NOR	true
MD25T80	GigaDevice	C83114	1048576	256	3.3	SPI	25xx	SPI_NOR	true
QB25F016S33B	INTEL	898911	2097152	256	3.3	SPI	25xx	SPI_NOR	true
QB25F160S33B	INTEL	898911	2097152	256	3.3	SPI	25xx	SPI_NOR	true
QB25F320S33B	INTEL	898912	4194304	256	3.3	SPI	25xx	SPI_NOR	true
QB25F640S33B	INTEL	898913	8388608	256	3.3	SPI	25xx	SPI_NOR	true
QH25F016S33B	INTEL	898911	2097152	256	3.3	SPI	25xx	SPI_NOR	true
QH25F320S33B	INTEL	898912	4194304	256	3.3	SPI	25xx	SPI_NOR	true
IS25LP005	ISSI	9D6010	65536	256	3.3	SPI	25xx	SPI_NOR	true
IS25LP010	ISSI	9D6011	131072	256	3.3	SPI	25xx	SPI_NOR	true
IS25LP016	ISSI	9D6015	2097152	256	3.3	SPI	25xx	SPI_NOR	true
IS25LP020	ISSI	9D6012	262144	256	3.3	SPI	25xx	SPI_NOR	true
IS25LP032	ISSI	9D6016	4194304	256	3.3	SPI	25xx	SPI_NOR	true
IS25LP040	ISSI	9D6013	524288	256	3.3	SPI	25xx	SPI_NOR	true
IS25LP064	ISSI	9D6017	8388608	256	3.3	SPI	25xx	SPI_NOR	true
IS25LP080	ISSI	9D6014	1048576	256	3.3	SPI	25xx	SPI_NOR	true
IS25LP080D	ISSI	9D6014	1048576	256	3.3	SPI	25xx	SPI_NOR	true
IS25LP128	ISSI	9D6018	16777216	256	3.3	SPI	25xx	SPI_NOR	true
IS25LP256	ISSI	9D6019	33554432	256	3.3	SPI	25xx	SPI_NOR	true
IS25LQ025	ISSI	9D4009	32768	256	3.3	SPI	25xx	SPI_NOR	true
IS25WP016	ISSI	9D7015	2097152	256	1.8	SPI	25xx	SPI_NOR	true
IS25WP020D_1.8V	ISSI	9D7012	262144	256	1.8	SPI	25xx	SPI_NOR	true
IS25WP032	ISSI	9D7016	4194304	256	1.8	SPI	25xx	SPI_NOR	true
IS25WP040D_1.8V	ISSI	9D7013	524288	256	1.8	SPI	25xx	SPI_NOR	true
IS25WP064	ISSI	9D7017	8388608	256	1.8	SPI	25xx	SPI_NOR	true
IS25WP080D_1.8V	ISSI	9D7014	1048576	256	1.8	SPI	25xx	SPI_NOR	true
IS25WP128	ISSI	9D7018	16777216	256	1.8	SPI	25xx	SPI_NOR	true
IS25WP256	ISSI	9D7019	33554432	256	1.8	SPI	25xx	SPI_NOR	true
KH25L1005	KHIC	C22011	131072	256	3.3	SPI	25xx	SPI_NOR	true
KH25L2005	KHIC	C22012	262144	256	3.3	SPI	25xx	SPI_NOR	true
KH25L4005	KHIC	C22013	524288	256	3.3	SPI	25xx	SPI_NOR	true
KH25L512	KHIC	C22010	65536	256	3.3	SPI	25xx	SPI_NOR	true
KH25L8005	KHIC	C22014	1048576	256	3.3	SPI	25xx	SPI_NOR	true
KH25L8036D	KHIC	C22615	1048576	256	3.3	SPI	25xx	SPI_NOR	true
MS25X10	MSHINE	373011	131072	256	3.3	SPI	25xx	SPI_NOR	true
MS25X16	MSHINE	373015	2097152	256	3.3	SPI	25xx	SPI_NOR	true
MS25X20	MSHINE	373012	262144	256	3.3	SPI	25xx	SPI_NOR	true
MS25X32	MSHINE	373016	4194304	256	3.3	SPI	25xx	SPI_NOR	true
MS25X40	MSHINE	373013	524288	256	3.3	SPI	25xx	SPI_NOR	true
MS25X512	MSHINE	373010	65536	256	3.3	SPI	25xx	SPI_NOR	true
MS25X80	MSHINE	373014	1048576	256	3.3	SPI	25xx	SPI_NOR	true
MX25L1005	Macronix	C22011	131072	256	3.3	SPI	25xx	SPI_NOR	true
MX25L1005A	Macronix	C22011	131072	256	3.3	SPI	25xx	SPI_NOR	true
MX25L1005C	Macronix	C22011	131072	256	3.3	SPI	25xx	SPI_NOR	true
MX25L1006E	Macronix	C22011	131072	256	3.3	SPI	25xx	SPI_NOR	true
MX25L1021E	Macronix	C22211	131072	32	3.3	SPI	25xx	SPI_NOR	true
MX25L12805D	Macronix	C22018	16777216	256	3.3	SPI	25xx	SPI_NOR	true
MX25L12835E	Macronix	C22018	16777216	256	3.3	SPI	25xx	SPI_NOR	true
MX25L12835F	Macronix	C22018	16777216	256	3.3	SPI	25xx	SPI_NOR	true
MX25L12845E	Macronix	C22018	16777216	256	3.3	SPI	25xx	SPI_NOR	true
MX25L12845G	Macronix	C22018	16777216	256	3.3	SPI	25xx	SPI_NOR	true
MX25L12865E	Macronix	C22018	16777216	256	3.3	SPI	25xx	SPI_NOR	true
MX25L12873F	Macronix	C22018	16777216	256	3.3	SPI	25xx	SPI_NOR	true
MX25L1605	Macronix	C22015	2097152	256	3.3	SPI	25xx	SPI_NOR	true
MX25L1605A	Macronix	C22015	2097152	256	3.3	SPI	25xx	SPI_NOR	true
MX25L1605D	Macronix	C22015	2097152	256	3.3	SPI	25xx	SPI_NOR	true
MX25L1606E	Macronix	C22015	2097152	256	3.3	SPI	25xx	SPI_NOR	true
MX25L1635D	Macronix	C22415	2097152	256	3.3	SPI	25xx	SPI_NOR	true
MX25L1635E	Macronix	C22515	2097152	256	3.3	SPI	25xx	SPI_NOR	true
MX25L2005	Macronix	C22012	262144	256	3.3	SPI	25xx	SPI_NOR	true
MX25L2005C	Macronix	C22012	262144	256	3.3	SPI	25xx	SPI_NOR	true
MX25L2006E	Macronix	C22012	262144	256	3.3	SPI	25xx	SPI_NOR	true
MX25L25635E	Macronix	C22019	33554432	256	3.3	SPI	25xx	SPI_NOR	true
MX25L25673G	Macronix	C22019	33554432	256	3.3	SPI	25xx	SPI_NOR	true
MX25L3205	Macronix	C22016	4194304	256	3.3	SPI	25xx	SPI_NOR	true
MX25L3205A	Macronix	C22016	4194304	256	3.3	SPI	25xx	SPI_NOR	true
MX25L3205D	Macronix	C22016	4194304	256	3.3	SPI	25xx	SPI_NOR	true
MX25L3206E	Macronix	C22016	4194304	256	3.3	SPI	25xx	SPI_NOR	true
MX25L3208E	Macronix	C22016	4194304	256	3.3	SPI	25xx	SPI_NOR	true
MX25L3233F	Macronix	C22016	4194304	256	3.3	SPI	25xx	SPI_NOR	true
MX25L3235E	Macronix	C22016	4194304	256	3.3	SPI	25xx	SPI_NOR	true
MX25L4005	Macronix	C22013	524288	256	3.3	SPI	25xx	SPI_NOR	true
MX25L4005A	Macronix	C22013	524288	256	3.3	SPI	25xx	SPI_NOR	true
MX25L4005C	Macronix	C22013	524288	256	3.3	SPI	25xx	SPI_NOR	true
MX25L4006E	Macronix	C22013	524288	256	3.3	SPI	25xx	SPI_NOR	true
MX25L512	Macronix	C22010	65536	256	3.3	SPI	25xx	SPI_NOR	true
MX25L51245G	Macronix	C2201A	67108864	256	3.3	SPI	25xx	SPI_NOR	true
MX25L512C	Macronix	C22010	65536	256	3.3	SPI	25xx	SPI_NOR	true
MX25L6405	Macronix	C22017	8388608	256	3.3	SPI	25xx	SPI_NOR	true
MX25L6405D	Macronix	C22017	8388608	256	3.3	SPI	25xx	SPI_NOR	true
MX25L6406E	Macronix	C22017	8388608	256	3.3	SPI	25xx	SPI_NOR	true
MX25L6408E	Macronix	C22017	8388608	256	3.3	SPI	25xx	SPI_NOR	true
MX25L6433F	Macronix	C22017	8388608	256	3.3	SPI	25xx	SPI_NOR	true
MX25L6435E	Macronix	C22017	8388608	256	3.3	SPI	25xx	SPI_NOR	true
MX25L6436E	Macronix	C22017	8388608	256	3.3	SPI	25xx	SPI_NOR	true
MX25L6436F	Macronix	C22017	8388608	256	3.3	SPI	25xx	SPI_NOR	true
MX25L6473E	Macronix	C22017	8388608	256	3.3	SPI	25xx	SPI_NOR	true
MX25L6473F	Macronix	C22017	8388608	256	3.3	SPI	25xx	SPI_NOR	true
MX25L8005	Macronix	C22014	1048576	256	3.3	SPI	25xx	SPI_NOR	true
MX25L8006E	Macronix	C22014	1048576	256	3.3	SPI	25xx	SPI_NOR	true
MX25L8008E	Macronix	C22014	1048576	256	3.3	SPI	25xx	SPI_NOR	true
MX25L8035E	Macronix	C22014	1048576	256	3.3	SPI	25xx	SPI_NOR	true
MX25L8073E	Macronix	C22014	1048576	256	3.3	SPI	25xx	SPI_NOR	true
MX25R1035F	Macronix	C22811	131072	256	3.3	SPI	25xx	SPI_NOR	true
MX25R12835F	Macronix	C22818	16777216	256	1.8	SPI	25xx	SPI_NOR	true
MX25R1635F	Macronix	C22815	2097152	256	3.3	SPI	25xx	SPI_NOR	true
MX25R2035F	Macronix	C22812	262144	256	3.3	SPI	25xx	SPI_NOR	true
MX25R3235F	Macronix	C22816	4194304	256	3.3	SPI	25xx	SPI_NOR	true
MX25R4035F	Macronix	C22813	524288	256	3.3	SPI	25xx	SPI_NOR	true
MX25R512F	Macronix	C22810	65536	256	3.3	SPI	25xx	SPI_NOR	true
MX25R6435F	Macronix	C22817	8388608	256	1.8	SPI	25xx	SPI_NOR	true
MX25R8035F	Macronix	C22814	1048576	256	3.3	SPI	25xx	SPI_NOR	true
MX25U1001E_1.8V	Macronix	C22531	131072	256	1.8	SPI	25xx	SPI_NOR	true
MX25U12835F	Macronix	C22538	16777216	256	1.8	SPI	25xx	SPI_NOR	true
MX25U12835F_1.8V	Macronix	C22518	16777216	256	1.8	SPI	25xx	SPI_NOR	true
MX25U12873F_1.8V	Macronix	C22538	16777216	256	1.8	SPI	25xx	SPI_NOR	true
MX25U1635E_1.8V	Macronix	C22535	2097152	256	1.8	SPI	25xx	SPI_NOR	true
MX25U1635F	Macronix	C22535	2097152	256	1.8	SPI	25xx	SPI_NOR	true
MX25U2032E_1.8V	Macronix	C22532	262144	256	1.8	SPI	25xx	SPI_NOR	true
MX25U25635F	Macronix	C22539	33554432	256	1.8	SPI	25xx	SPI_NOR	true
MX25U25673G_1.8V	Macronix	C22539	33554432	256	1.8	SPI	25xx	SPI_NOR	true
MX25U3235E_1.8V	Macronix	C22536	4194304	256	1.8	SPI	25xx	SPI_NOR	true
MX25U3235F	Macronix	C22536	4194304	256	1.8	SPI	25xx	SPI_NOR	true
MX25U3235F_1.8V	Macronix	C22536	4194304	256	1.8	SPI	25xx	SPI_NOR	true
MX25U4032E_1.8V	Macronix	C22533	524288	256	1.8	SPI	25xx	SPI_NOR	true
MX25U4035F	Macronix	C22533	524288	256	1.8	SPI	25xx	SPI_NOR	true
MX25U5121E_1.8V	Macronix	C22530	65536	256	1.8	SPI	25xx	SPI_NOR	true
MX25U51235F	Macronix	C22540	67108864	256	1.8	SPI	25xx	SPI_NOR	true
MX25U6435F	Macronix	C22537	8388608	256	1.8	SPI	25xx	SPI_NOR	true
MX25U6435F_1.8V	Macronix	C22537	8388608	256	1.8	SPI	25xx	SPI_NOR	true
MX25U6473F_1.8V	Macronix	C22537	8388608	256	1.8	SPI	25xx	SPI_NOR	true
MX25U8032E_1.8V	Macronix	C22534	1048576	256	1.8	SPI	25xx	SPI_NOR	true
MX25U8035E_1.8V	Macronix	C22534	1048576	256	1.8	SPI	25xx	SPI_NOR	true
MX25U8035F	Macronix	C22534	1048576	256	1.8	SPI	25xx	SPI_NOR	true
MX25UM51245G	Macronix	C2803A	67108864	256	1.8	SPI	25xx	SPI_NOR	true
MX25V1006E	Macronix	C22011	131072	256	3.3	SPI	25xx	SPI_NOR	true
MX25V2006E	Macronix	C22012	262144	256	3.3	SPI	25xx	SPI_NOR	true
MX25V4005	Macronix	C22013	524288	256	3.3	SPI	25xx	SPI_NOR	true
MX25V4006E	Macronix	C22013	524288	256	3.3	SPI	25xx	SPI_NOR	true
MX25V512	Macronix	C22010	65536	256	3.3	SPI	25xx	SPI_NOR	true
MX25V512C	Macronix	C22010	65536	256	3.3	SPI	25xx	SPI_NOR	true
MX25V512E	Macronix	C22010	65536	256	3.3	SPI	25xx	SPI_NOR	true
MX25V8005	Macronix	C22014	1048576	256	3.3	SPI	25xx	SPI_NOR	true
MX25V8006E	Macronix	C22014	1048576	256	3.3	SPI	25xx	SPI_NOR	true
MX66U1G45G_1.8V	Macronix	C2253B	134217728	256	1.8	SPI	25xx	SPI_NOR	true
MX66U51235F_1.8V	Macronix	C2253A	67108864	256	1.8	SPI	25xx	SPI_NOR	true
MX77L12850F	Macronix	C27518	16777216	256	3.3	SPI	25xx	SPI_NOR	true
25AA010A	Microchip	000000	128	16	3.3	SPI	25xx	SPI_NOR	true
25AA020A	Microchip	000000	256	16	3.3	SPI	25xx	SPI_NOR	true
25AA040A	Microchip	000000	512	16	3.3	SPI	25xx	SPI_NOR	true
25AA080A	Microchip	000000	1024	16	3.3	SPI	25xx	SPI_NOR	true
25AA1024	Microchip	000000	131072	256	3.3	SPI	25xx	SPI_NOR	true
25AA128	Microchip	000000	16384	64	3.3	SPI	25xx	SPI_NOR	true
25AA160A	Microchip	000000	2048	16	3.3	SPI	25xx	SPI_NOR	true
25AA256	Microchip	000000	32768	64	3.3	SPI	25xx	SPI_NOR	true
25AA320A	Microchip	000000	4096	16	3.3	SPI	25xx	SPI_NOR	true
25AA512	Microchip	000000	65536	128	3.3	SPI	25xx	SPI_NOR	true
25AA640A	Microchip	000000	8192	16	3.3	SPI	25xx	SPI_NOR	true
SST25VF010A	Microchip	BF49	131072	256	3.3	SPI	25xx	SPI_NOR	true
SST25VF016B	Microchip	BF2541	2097152	256	3.3	SPI	25xx	SPI_NOR	true
SST25VF020	Microchip	BF43	262144	256	3.3	SPI	25xx	SPI_NOR	true
SST25VF032B	Microchip	BF254A	4194304	256	3.3	SPI	25xx	SPI_NOR	true
SST25VF040B	Microchip	BF258D	524288	256	3.3	SPI	25xx	SPI_NOR	true
SST25VF064C	Microchip	BF254B	8388608	256	3.3	SPI	25xx	SPI_NOR	true
SST25VF080B	Microchip	BF258E	1048576	256	3.3	SPI	25xx	SPI_NOR	true
SST25VF512	Microchip	BF48	65536	256	3.3	SPI	25xx	SPI_NOR	true
SST26VF016B	Microchip	BF2641	2097152	256	3.3	SPI	25xx	SPI_NOR	true
SST26VF032B	Microchip	BF2642	4194304	256	3.3	SPI	25xx	SPI_NOR	true
SST26VF064B	Microchip	BF2643	8388608	256	3.3	SPI	25xx	SPI_NOR	true
SST26WF016B	Microchip	BF2651	2097152	256	1.8	SPI	25xx	SPI_NOR	true
SST26WF032B	Microchip	BF2652	4194304	256	1.8	SPI	25xx	SPI_NOR	true
SST26WF040B	Microchip	BF2654	524288	256	1.8	SPI	25xx	SPI_NOR	true
SST26WF064B	Microchip	BF2653	8388608	256	1.8	SPI	25xx	SPI_NOR	true
M25P05	Micron	202010	65536	128	3.3	SPI	25xx	SPI_NOR	true
M25P10	Micron	202011	131072	128	3.3	SPI	25xx	SPI_NOR	true
M25P128	Micron	202018	16777216	256	3.3	SPI	25xx	SPI_NOR	true
M25P16	Micron	202015	2097152	256	3.3	SPI	25xx	SPI_NOR	true
M25P20	Micron	202012	262144	256	3.3	SPI	25xx	SPI_NOR	true
M25P32	Micron	202016	4194304	256	3.3	SPI	25xx	SPI_NOR	true
M25P40	Micron	202013	524288	256	3.3	SPI	25xx	SPI_NOR	true
M25P64	Micron	202017	8388608	256	3.3	SPI	25xx	SPI_NOR	true
M25P80	Micron	202014	1048576	256	3.3	SPI	25xx	SPI_NOR	true
M25PE10	Micron	208011	131072	256	3.3	SPI	25xx	SPI_NOR	true
M25PE16	Micron	208015	2097152	256	3.3	SPI	25xx	SPI_NOR	true
M25PE20	Micron	208012	262144	256	3.3	SPI	25xx	SPI_NOR	true
M25PE40	Micron	208013	524288	256	3.3	SPI	25xx	SPI_NOR	true
M25PE80	Micron	208014	1048576	256	3.3	SPI	25xx	SPI_NOR	true
M25PX16	Micron	207115	2097152	256	3.3	SPI	25xx	SPI_NOR	true
M25PX32	Micron	207116	4194304	256	3.3	SPI	25xx	SPI_NOR	true
M25PX64	Micron	207117	8388608	256	3.3	SPI	25xx	SPI_NOR	true
M25PX80	Micron	207114	1048576	256	3.3	SPI	25xx	SPI_NOR	true
MT25QL02GC	Micron	20BA22	268435456	256	3.3	SPI	25xx	SPI_NOR	true
MT25QL128AB	Micron	20BA18	16777216	256	3.3	SPI	25xx	SPI_NOR	true
MT25QL256A	Micron	20BA19	33554432	256	3.3	SPI	25xx	SPI_NOR	true
MT25QL512A	Micron	20BA20	67108864	256	3.3	SPI	25xx	SPI_NOR	true
MT25QU256	Micron	20BB19	33554432	256	3.3	SPI	25xx	SPI_NOR	true
N25Q00AA13G	Micron	20BA21	134217728	256	3.3	SPI	25xx	SPI_NOR	true
N25Q016A	Micron	20BA15	2097152	256	3.3	SPI	25xx	SPI_NOR	true
N25Q032A	Micron	20BA16	4194304	256	3.3	SPI	25xx	SPI_NOR	true
N25Q064A	Micron	20BA17	8388608	256	3.3	SPI	25xx	SPI_NOR	true
N25Q128A	Micron	20BA18	16777216	256	3.3	SPI	25xx	SPI_NOR	true
N25Q256A13	Micron	20BA19	33554432	256	3.3	SPI	25xx	SPI_NOR	true
N25Q512A83	Micron	20BA20	67108864	256	3.3	SPI	25xx	SPI_NOR	true
N25S10	NANTRONICS	D53011	131072	256	3.3	SPI	25xx	SPI_NOR	true
N25S16	NANTRONICS	D53015	2097152	256	3.3	SPI	25xx	SPI_NOR	true
N25S20	NANTRONICS	D53012	262144	256	3.3	SPI	25xx	SPI_NOR	true
N25S32	NANTRONICS	D53016	4194304	256	3.3	SPI	25xx	SPI_NOR	true
N25S40	NANTRONICS	D53013	524288	256	3.3	SPI	25xx	SPI_NOR	true
N25S80	NANTRONICS	D53014	1048576	256	3.3	SPI	25xx	SPI_NOR	true
NX25P10	NEXFLASH	9D7F7C	131072	256	3.3	SPI	25xx	SPI_NOR	true
NX25P16	NEXFLASH	EF2015	2097152	256	3.3	SPI	25xx	SPI_NOR	true
NX25P20	NEXFLASH	9D7F7D	262144	256	3.3	SPI	25xx	SPI_NOR	true
NX25P32	NEXFLASH	EF2016	4194304	256	3.3	SPI	25xx	SPI_NOR	true
NX25P40	NEXFLASH	9D7F7E	524288	256	3.3	SPI	25xx	SPI_NOR	true
NX25P80	NEXFLASH	9D7F13	1048576	256	3.3	SPI	25xx	SPI_NOR	true
M25P05A	Numonyx	202010	65536	128	3.3	SPI	25xx	SPI_NOR	true
M25P10A	Numonyx	202011	131072	128	3.3	SPI	25xx	SPI_NOR	true
M45PE10	Numonyx	204011	131072	256	3.3	SPI	25xx	SPI_NOR	true
M45PE16	Numonyx	204015	2097152	256	3.3	SPI	25xx	SPI_NOR	true
M45PE20	Numonyx	204012	262144	256	3.3	SPI	25xx	SPI_NOR	true
M45PE40	Numonyx	204013	524288	256	3.3	SPI	25xx	SPI_NOR	true
M45PE80	Numonyx	204014	1048576	256	3.3	SPI	25xx	SPI_NOR	true
PCT25VF010A	PCT	BF49	131072	256	3.3	SPI	25xx	SPI_NOR	true
Pm25LD010	PFLASH	7F9D21	131072	256	3.3	SPI	25xx	SPI_NOR	true
Pm25LD256C	PFLASH	7F9D2F	32768	256	3.3	SPI	25xx	SPI_NOR	true
Pm25LV010	PFLASH	7F9D7C	131072	256	3.3	SPI	25xx	SPI_NOR	true
Pm25LV020	PFLASH	7F9D22	262144	256	3.3	SPI	25xx	SPI_NOR	true
Pm25LV040	PFLASH	7F9D7E	524288	256	3.3	SPI	25xx	SPI_NOR	true
Pm25W020	PFLASH	7F9D7D	262144	256	3.3	SPI	25xx	SPI_NOR	true
PM25LD020	PMC	9D22	262144	256	3.3	SPI	25xx	SPI_NOR	true
PM25LD040	PMC	9D7E	524288	256	3.3	SPI	25xx	SPI_NOR	true
PM25LD256	PMC	9D2F	32768	256	3.3	SPI	25xx	SPI_NOR	true
PM25LD512	PMC	9D20	65536	256	3.3	SPI	25xx	SPI_NOR	true
PM25LV016B	PMC	9D14	2097152	256	3.3	SPI	25xx	SPI_NOR	true
PM25LV080B	PMC	9D13	1048576	256	3.3	SPI	25xx	SPI_NOR	true
PM25LV512	PMC	9D7B	65536	256	3.3	SPI	25xx	SPI_NOR	true
PM25WD020	PMC	9D32	262144	256	3.3	SPI	25xx	SPI_NOR	true
PM25WD040	PMC	9D33	524288	256	3.3	SPI	25xx	SPI_NOR	true
P25D40H	PUYA	856013	524288	256	3.3	SPI	25xx	SPI_NOR	true
P25D40SH	PUYA	856013	524288	256	3.3	SPI	25xx	SPI_NOR	true
P25D80SH	PUYA	856014	1048576	256	3.3	SPI	25xx	SPI_NOR	true
P25Q128H	PUYA	856018	16777216	256	3.3	SPI	25xx	SPI_NOR	true
P25Q16H	PUYA	856015	2097152	256	3.3	SPI	25xx	SPI_NOR	true
P25Q21H	PUYA	856015	2097152	256	3.3	SPI	25xx	SPI_NOR	true
P25Q256H	PUYA	856019	33554432	256	3.3	SPI	25xx	SPI_NOR	true
P25Q32H	PUYA	856016	4194304	256	3.3	SPI	25xx	SPI_NOR	true
P25Q41H	PUYA	856016	4194304	256	3.3	SPI	25xx	SPI_NOR	true
P25Q64H	PUYA	856017	8388608	256	3.3	SPI	25xx	SPI_NOR	true
P25Q80H	PUYA	856014	1048576	256	3.3	SPI	25xx	SPI_NOR	true
LE25FU106BMA	SANYO	621D	131072	256	3.3	SPI	25xx	SPI_NOR	true
LE25FU20	SANYO	621D	262144	256	3.3	SPI	25xx	SPI_NOR	true
LE25FU40	SANYO	621E	524288	256	3.3	SPI	25xx	SPI_NOR	true
LE25FW406A	SANYO	62180E	524288	256	3.3	SPI	25xx	SPI_NOR	true
LE25FW806A	SANYO	62181E	1048576	256	3.3	SPI	25xx	SPI_NOR	true
S25FL001D	SPANSION	010210	131072	256	3.3	SPI	25xx	SPI_NOR	true
S25FL002D	SPANSION	010211	262144	256	3.3	SPI	25xx	SPI_NOR	true
S25FL004D	SPANSION	010212	524288	256	3.3	SPI	25xx	SPI_NOR	true
S25FL008D	SPANSION	010213	1048576	256	3.3	SPI	25xx	SPI_NOR	true
S25FL016D	SPANSION	010214	2097152	256	3.3	SPI	25xx	SPI_NOR	true
S25FL032D	SPANSION	010215	4194304	256	3.3	SPI	25xx	SPI_NOR	true
S25FL040A	SPANSION	010212	524288	256	3.3	SPI	25xx	SPI_NOR	true
S25FL064D	SPANSION	010216	8388608	256	3.3	SPI	25xx	SPI_NOR	true
S25FL128L	SPANSION	016018	16777216	256	3.3	SPI	25xx	SPI_NOR	true
S25FL256L	SPANSION	016019	33554432	256	3.3	SPI	25xx	SPI_NOR	true
SST25LF020A	SST	BF43	262144	256	3.3	SPI	25xx	SPI_NOR	true
SST25LF040A	SST	BF44	524288	256	3.3	SPI	25xx	SPI_NOR	true
SST25LF080A	SST	BF80	1048576	256	3.3	SPI	25xx	SPI_NOR	true
SST25VF010	SST	BF49	131072	256	3.3	SPI	25xx	SPI_NOR	true
SST25VF020B	SST	BF258C	262144	256	3.3	SPI	25xx	SPI_NOR	true
SST25WF010	SST	BF2502	131072	256	3.3	SPI	25xx	SPI_NOR	true
SST25WF020	SST	BF2503	262144	256	3.3	SPI	25xx	SPI_NOR	true
SST25WF020A	SST	BF2532	262144	256	3.3	SPI	25xx	SPI_NOR	true
SST25WF040	SST	BF2504	524288	256	3.3	SPI	25xx	SPI_NOR	true
SST25WF040B	SST	BF2508	524288	256	3.3	SPI	25xx	SPI_NOR	true
SST25WF080	SST	BF2505	1048576	256	3.3	SPI	25xx	SPI_NOR	true
SST25WF080B	SST	BF2551	1048576	256	3.3	SPI	25xx	SPI_NOR	true
SST25WF512	SST	BF2501	65536	256	3.3	SPI	25xx	SPI_NOR	true
TS25L010A	TERRA	373011	131072	256	3.3	SPI	25xx	SPI_NOR	true
TS25L020A	TERRA	373012	262144	256	3.3	SPI	25xx	SPI_NOR	true
TS25L032A	TERRA	373016	4194304	256	3.3	SPI	25xx	SPI_NOR	true
TS25L16AP	TERRA	202015	2097152	256	3.3	SPI	25xx	SPI_NOR	true
TS25L16PE	TERRA	208015	2097152	256	3.3	SPI	25xx	SPI_NOR	true
TS25L40P	TERRA	202013	524288	256	3.3	SPI	25xx	SPI_NOR	true
TS25L512A	TERRA	373010	65536	256	3.3	SPI	25xx	SPI_NOR	true
TS25L80PE	TERRA	208014	1048576	256	3.3	SPI	25xx	SPI_NOR	true
W25M512JV	Winbond	EF7119	67108864	256	3.3	SPI	25xx	SPI_NOR	true
W25Q01JV	Winbond	EF4021	134217728	256	3.3	SPI	25xx	SPI_NOR	true
W25Q02JV	Winbond	EF4022	268435456	256	3.3	SPI	25xx	SPI_NOR	true
W25Q10	Winbond	EF4011	131072	256	3.3	SPI	25xx	SPI_NOR	true
W25Q128BV	Winbond	EF4018	16777216	256	3.3	SPI	25xx	SPI_NOR	true
W25Q128EW	Winbond	EF6018	16777216	256	1.8	SPI	25xx	SPI_NOR	true
W25Q128FV	Winbond	EF4018	16777216	256	3.3	SPI	25xx	SPI_NOR	true
W25Q128FW	Winbond	EF6018	16777216	256	1.8	SPI	25xx	SPI_NOR	true
W25Q128JV	Winbond	EF4018	16777216	256	3.3	SPI	25xx	SPI_NOR	true
W25Q128JW	Winbond	EF6018	16777216	256	1.8	SPI	25xx	SPI_NOR	true
W25Q16BV	Winbond	EF4015	2097152	256	3.3	SPI	25xx	SPI_NOR	true
W25Q16DV	Winbond	EF4015	2097152	256	3.3	SPI	25xx	SPI_NOR	true
W25Q16EW	Winbond	EF6015	2097152	256	1.8	SPI	25xx	SPI_NOR	true
W25Q16FV	Winbond	EF4015	2097152	256	3.3	SPI	25xx	SPI_NOR	true
W25Q16FW	Winbond	EF6015	2097152	256	1.8	SPI	25xx	SPI_NOR	true
W25Q16JV	Winbond	EF4015	2097152	256	3.3	SPI	25xx	SPI_NOR	true
W25Q16JW	Winbond	EF6015	2097152	256	1.8	SPI	25xx	SPI_NOR	true
W25Q20	Winbond	EF4012	262144	256	3.3	SPI	25xx	SPI_NOR	true
W25Q20EW	Winbond	EF6012	262144	256	1.8	SPI	25xx	SPI_NOR	true
W25Q256BV	Winbond	EF4019	33554432	256	3.3	SPI	25xx	SPI_NOR	true
W25Q256FV	Winbond	EF4019	33554432	256	3.3	SPI	25xx	SPI_NOR	true
W25Q256JFV	Winbond	EF4019	33554432	256	3.3	SPI	25xx	SPI_NOR	true
W25Q256JV	Winbond	EF4019	33554432	256	3.3	SPI	25xx	SPI_NOR	true
W25Q256JW	Winbond	EF6019	33554432	256	1.8	SPI	25xx	SPI_NOR	true
W25Q32BV	Winbond	EF4016	4194304	256	3.3	SPI	25xx	SPI_NOR	true
W25Q32EW	Winbond	EF6016	4194304	256	1.8	SPI	25xx	SPI_NOR	true
W25Q32FV	Winbond	EF4016	4194304	256	3.3	SPI	25xx	SPI_NOR	true
W25Q32FW	Winbond	EF6016	4194304	256	1.8	SPI	25xx	SPI_NOR	true
W25Q32JV	Winbond	EF4016	4194304	256	3.3	SPI	25xx	SPI_NOR	true
W25Q32JW	Winbond	EF6016	4194304	256	1.8	SPI	25xx	SPI_NOR	true
W25Q40	Winbond	EF4013	524288	256	3.3	SPI	25xx	SPI_NOR	true
W25Q40EW	Winbond	EF6013	524288	256	1.8	SPI	25xx	SPI_NOR	true
W25Q512JV	Winbond	EF4020	67108864	256	3.3	SPI	25xx	SPI_NOR	true
W25Q512NW	Winbond	EF6020	67108864	256	1.8	SPI	25xx	SPI_NOR	true
W25Q64BV	Winbond	EF4017	8388608	256	3.3	SPI	25xx	SPI_NOR	true
W25Q64CV	Winbond	EF4017	8388608	256	3.3	SPI	25xx	SPI_NOR	true
W25Q64EW	Winbond	EF6017	8388608	256	1.8	SPI	25xx	SPI_NOR	true
W25Q64FV	Winbond	EF4017	8388608	256	3.3	SPI	25xx	SPI_NOR	true
W25Q64FW	Winbond	EF6017	8388608	256	1.8	SPI	25xx	SPI_NOR	true
W25Q64JV	Winbond	EF4017	8388608	256	3.3	SPI	25xx	SPI_NOR	true
W25Q64JV-xM	Winbond	EF7017	8388608	256	3.3	SPI	25xx	SPI_NOR	true
W25Q64JW	Winbond	EF6017	8388608	256	1.8	SPI	25xx	SPI_NOR	true
W25Q80BV	Winbond	EF4014	1048576	256	3.3	SPI	25xx	SPI_NOR	true
W25Q80EW	Winbond	EF6014	1048576	256	1.8	SPI	25xx	SPI_NOR	true
W25Q80JV	Winbond	EF4014	1048576	256	3.3	SPI	25xx	SPI_NOR	true
W25X10	Winbond	EF3011	131072	256	3.3	SPI	25xx	SPI_NOR	true
W25X16	Winbond	EF3015	2097152	256	3.3	SPI	25xx	SPI_NOR	true
W25X20	Winbond	EF3012	262144	256	3.3	SPI	25xx	SPI_NOR	true
W25X32	Winbond	EF3016	4194304	256	3.3	SPI	25xx	SPI_NOR	true
W25X40	Winbond	EF3013	524288	256	3.3	SPI	25xx	SPI_NOR	true
W25X80	Winbond	EF3014	1048576	256	3.3	SPI	25xx	SPI_NOR	true
XM25QH10B	XMC	204011	131072	256	3.3	SPI	25xx	SPI_NOR	true
XM25QH128C	XMC	204018	16777216	256	3.3	SPI	25xx	SPI_NOR	true
XM25QH16C	XMC	204015	2097152	256	3.3	SPI	25xx	SPI_NOR	true
XM25QH20B	XMC	204012	262144	256	3.3	SPI	25xx	SPI_NOR	true
XM25QH256C	XMC	204019	33554432	256	3.3	SPI	25xx	SPI_NOR	true
XM25QH32B	XMC	204016	4194304	256	3.3	SPI	25xx	SPI_NOR	true
XM25QH40B	XMC	204013	524288	256	3.3	SPI	25xx	SPI_NOR	true
XM25QH64C	XMC	204017	8388608	256	3.3	SPI	25xx	SPI_NOR	true
XM25QH80B	XMC	204014	1048576	256	3.3	SPI	25xx	SPI_NOR	true
XT25F01B	XTX	0B4011	131072	256	3.3	SPI	25xx	SPI_NOR	true
XT25F02B	XTX	0B4012	262144	256	3.3	SPI	25xx	SPI_NOR	true
XT25F04B	XTX	0B4013	524288	256	3.3	SPI	25xx	SPI_NOR	true
XT25F08B	XTX	0B4014	1048576	256	3.3	SPI	25xx	SPI_NOR	true
XT25F128B	XTX	0B4018	16777216	256	3.3	SPI	25xx	SPI_NOR	true
XT25F16B	XTX	0B4015	2097152	256	3.3	SPI	25xx	SPI_NOR	true
XT25F256B	XTX	0B4019	33554432	256	3.3	SPI	25xx	SPI_NOR	true
XT25F32B	XTX	0B4016	4194304	256	3.3	SPI	25xx	SPI_NOR	true
XT25F64B	XTX	0B4017	8388608	256	3.3	SPI	25xx	SPI_NOR	true
XT25W08B	XTX	0B6014	1048576	256	1.8	SPI	25xx	SPI_NOR	true
XT25W128B	XTX	0B6018	16777216	256	1.8	SPI	25xx	SPI_NOR	true
XT25W16B	XTX	0B6015	2097152	256	1.8	SPI	25xx	SPI_NOR	true
XT25W32B	XTX	0B6016	4194304	256	1.8	SPI	25xx	SPI_NOR	true
XT25W64B	XTX	0B6017	8388608	256	1.8	SPI	25xx	SPI_NOR	true
ZB25LQ128	Zbit	5E6018	16777216	256	1.8	SPI	25xx	SPI_NOR	true
ZB25LQ16	Zbit	5E6015	2097152	256	1.8	SPI	25xx	SPI_NOR	true
ZB25LQ32	Zbit	5E6016	4194304	256	1.8	SPI	25xx	SPI_NOR	true
ZB25LQ64	Zbit	5E6017	8388608	256	1.8	SPI	25xx	SPI_NOR	true
ZB25VQ128	Zbit	5E4018	16777216	256	3.3	SPI	25xx	SPI_NOR	true
ZB25VQ16	Zbit	5E4015	2097152	256	3.3	SPI	25xx	SPI_NOR	true
ZB25VQ32	Zbit	5E4016	4194304	256	3.3	SPI	25xx	SPI_NOR	true
ZB25VQ64	Zbit	5E4017	8388608	256	3.3	SPI	25xx	SPI_NOR	true
ZD25D20	Zbit	5E4012	262144	256	3.3	SPI	25xx	SPI_NOR	true
ZD25Q10	Zetta	BA4011	131072	256	3.3	SPI	25xx	SPI_NOR	true
ZD25Q128	Zetta	BA4018	16777216	256	3.3	SPI	25xx	SPI_NOR	true
ZD25Q16	Zetta	BA4015	2097152	256	3.3	SPI	25xx	SPI_NOR	true
ZD25Q20	Zetta	BA4012	262144	256	3.3	SPI	25xx	SPI_NOR	true
ZD25Q32	Zetta	BA4016	4194304	256	3.3	SPI	25xx	SPI_NOR	true
ZD25Q40	Zetta	BA4013	524288	256	3.3	SPI	25xx	SPI_NOR	true
ZD25Q64	Zetta	BA4017	8388608	256	3.3	SPI	25xx	SPI_NOR	true
ZD25Q80	Zetta	BA4014	1048576	256	3.3	SPI	25xx	SPI_NOR	true
W2541q2	test	EF9116	4194304	256	3.3	SPI	25xx	SPI_NOR	true
Tes9563	test2	TS9525	4194304	256	3.3	SPI	25xx	SPI_NOR	true
GD25B128B/GD25Q128B	GIGADEVICE	C84018	16777216	256	2.7-3.6V	SPI	25xx	SPI_NOR	true
GD25B512MF/GD25R512MF	GIGADEVICE	C8401A	67108864	256	2.7-3.6V	SPI	25xx	SPI_NOR	true
GD25F128F	GIGADEVICE	C84318	16777216	256	2.7-3.6V	SPI	25xx	SPI_NOR	true
GD25F256F	GIGADEVICE	C84319	33554432	256	2.7-3.6V	SPI	25xx	SPI_NOR	true
GD25F64F	GIGADEVICE	C84317	8388608	256	2.7-3.6V	SPI	25xx	SPI_NOR	true
GD25LB256E/GD25LR256E	GIGADEVICE	C86719	33554432	256	1.8V	SPI	25xx	SPI_NOR	true
GD25LB256F/GD25LR256F	GIGADEVICE	C86019	33554432	256	1.8V	SPI	25xx	SPI_NOR	true
GD25LB512ME/GD25LR512ME	GIGADEVICE	C8671A	67108864	256	1.8V	SPI	25xx	SPI_NOR	true
GD25LB512MF/GD25LR512MF	GIGADEVICE	C8601A	67108864	256	1.8V	SPI	25xx	SPI_NOR	true
GD25LF128E	GIGADEVICE	C86318	16777216	256	1.8V	SPI	25xx	SPI_NOR	true
GD25LF256F	GIGADEVICE	C86319	33554432	256	1.8V	SPI	25xx	SPI_NOR	true
GD25LF512MF	GIGADEVICE	C8631A	67108864	256	1.8V	SPI	25xx	SPI_NOR	true
GD25LQ128E/GD25LB128E/GD25LR128E/GD25LQ128D/GD25LQ128C	GIGADEVICE	C86018	16777216	256	1.8V	SPI	25xx	SPI_NOR	true
GD25LQ16	GIGADEVICE	C86015	2097152	256	1.8V	SPI	25xx	SPI_NOR	true
GD25LQ255E	GIGADEVICE	C86019	33554432	256	1.8V	SPI	25xx	SPI_NOR	true
GD25LQ32	GIGADEVICE	C86016	4194304	256	1.8V	SPI	25xx	SPI_NOR	true
GD25LQ40	GIGADEVICE	C86013	524288	256	1.8V	SPI	25xx	SPI_NOR	true
GD25LQ64(B)	GIGADEVICE	C86017	8388608	256	1.8V	SPI	25xx	SPI_NOR	true
GD25LQ80	GIGADEVICE	C86014	1048576	256	1.8V	SPI	25xx	SPI_NOR	true
GD25Q128E/GD25B128E/GD25R128E/GD25Q127C	GIGADEVICE	C84018	16777216	256	2.7-3.6V	SPI	25xx	SPI_NOR	true
GD25Q16(B)	GIGADEVICE	C84015	2097152	256	2.7-3.6V	SPI	25xx	SPI_NOR	true
GD25Q20(B)	GIGADEVICE	C84012	262144	256	2.7-3.6V	SPI	25xx	SPI_NOR	true
GD25Q256E/GD25B256E/GD25R256E/GD25Q256D	GIGADEVICE	C84019	33554432	256	2.7-3.6V	SPI	25xx	SPI_NOR	true
GD25Q32(B)	GIGADEVICE	C84016	4194304	256	2.7-3.6V	SPI	25xx	SPI_NOR	true
GD25Q40(B)	GIGADEVICE	C84013	524288	256	2.7-3.6V	SPI	25xx	SPI_NOR	true
GD25Q64(B)	GIGADEVICE	C84017	8388608	256	2.7-3.6V	SPI	25xx	SPI_NOR	true
GD25Q80(B)	GIGADEVICE	C84014	1048576	256	2.7-3.6V	SPI	25xx	SPI_NOR	true
GD25T80	GIGADEVICE	C83114	1048576	256	2.7-3.6V	SPI	25xx	SPI_NOR	true
GD25VQ16C	GIGADEVICE	C84215	2097152	256	2.3-3.6V	SPI	25xx	SPI_NOR	true
GD25VQ21B	GIGADEVICE	C84212	262144	256	2.3-3.6V	SPI	25xx	SPI_NOR	true
GD25VQ40C	GIGADEVICE	C84213	524288	256	2.3-3.6V	SPI	25xx	SPI_NOR	true
GD25VQ41B	GIGADEVICE	C84213	524288	256	2.3-3.6V	SPI	25xx	SPI_NOR	true
GD25VQ80C	GIGADEVICE	C84214	1048576	256	2.3-3.6V	SPI	25xx	SPI_NOR	true
GD25WQ80E	GIGADEVICE	C86514	1048576	256	1.7-3.6V	SPI	25xx	SPI_NOR	true
MX23L12854	MACRONIX	C20518	16777216	256	3.0-3.6V	SPI	25xx	SPI_NOR	true
MX23L1654	MACRONIX	C20515	2097152	256	3.0-3.6V	SPI	25xx	SPI_NOR	true
MX23L3254	MACRONIX	C20516	4194304	256	3.0-3.6V	SPI	25xx	SPI_NOR	true
MX23L6454	MACRONIX	C20517	8388608	256	3.0-3.6V	SPI	25xx	SPI_NOR	true
MX25L1005(C)/MX25L1006E	MACRONIX	C22011	131072	256	2.7-3.6V	SPI	25xx	SPI_NOR	true
MX25L12833F	MACRONIX	C22018	16777216	256	2.7-3.6V	SPI	25xx	SPI_NOR	true
MX25L12835F/MX25L12873F	MACRONIX	C22018	16777216	256	2.7-3.6V	SPI	25xx	SPI_NOR	true
MX25L12845E/MX25L12865E	MACRONIX	C22018	16777216	256	2.7-3.6V	SPI	25xx	SPI_NOR	true
MX25L12850F	MACRONIX	C22018	16777216	256	2.7-3.6V	SPI	25xx	SPI_NOR	true
MX25L1605A/MX25L1606E/MX25L1608E	MACRONIX	C22015	2097152	256	2.7-3.6V	SPI	25xx	SPI_NOR	true
MX25L1605D/MX25L1608D/MX25L1673E	MACRONIX	C22015	2097152	256	2.7-3.6V	SPI	25xx	SPI_NOR	true
MX25L1633E	MACRONIX	C22415	2097152	256	2.7-3.6V	SPI	25xx	SPI_NOR	true
MX25L1635E/MX25L1636E	MACRONIX	C22515	2097152	256	2.7-3.6V	SPI	25xx	SPI_NOR	true
MX25L2005(C)/MX25L2006E	MACRONIX	C22012	262144	256	2.7-3.6V	SPI	25xx	SPI_NOR	true
MX25L25635F/MX25L25645G	MACRONIX	C22019	33554432	256	2.7-3.6V	SPI	25xx	SPI_NOR	true
MX25L3205(A)	MACRONIX	C22016	4194304	256	2.7-3.6V	SPI	25xx	SPI_NOR	true
MX25L3205D/MX25L3208D	MACRONIX	C22016	4194304	256	2.7-3.6V	SPI	25xx	SPI_NOR	true
MX25L3206E/MX25L3208E	MACRONIX	C22016	4194304	256	2.7-3.6V	SPI	25xx	SPI_NOR	true
MX25L3233F/MX25L3273E	MACRONIX	C22016	4194304	256	2.7-3.6V	SPI	25xx	SPI_NOR	true
MX25L3235D	MACRONIX	C25E16	4194304	256	2.7-3.6V	SPI	25xx	SPI_NOR	true
MX25L3239E	MACRONIX	C22536	4194304	256	2.7-3.6V	SPI	25xx	SPI_NOR	true
MX25L3255E	MACRONIX	C29E16	4194304	256	2.7-3.6V	SPI	25xx	SPI_NOR	true
MX25L3273F	MACRONIX	C22016	4194304	256	2.7-3.6V	SPI	25xx	SPI_NOR	true
MX25L4005(A/C)/MX25L4006E	MACRONIX	C22013	524288	256	2.7-3.6V	SPI	25xx	SPI_NOR	true
MX25L512(E)/MX25V512(C)	MACRONIX	C22010	65536	256	2.7-3.6V	SPI	25xx	SPI_NOR	true
MX25L5121E	MACRONIX	C22210	65536	32	2.7-3.6V	SPI	25xx	SPI_NOR	true
MX25L6406E/MX25L6408E	MACRONIX	C22017	8388608	256	2.7-3.6V	SPI	25xx	SPI_NOR	true
MX25L6436E/MX25L6445E/MX25L6465E	MACRONIX	C22017	8388608	256	2.7-3.6V	SPI	25xx	SPI_NOR	true
MX25L6495F	MACRONIX	C29517	8388608	256	2.7-3.6V	SPI	25xx	SPI_NOR	true
MX25L8005/MX25L8006E/MX25L8008E/MX25V8005	MACRONIX	C22014	1048576	256	2.7-3.6V	SPI	25xx	SPI_NOR	true
MX25LM51245G	MACRONIX	C2853A	67108864	256	2.7-3.6V	SPI	25xx	SPI_NOR	true
MX25U12835F/MX25U12873F	MACRONIX	C22538	16777216	256	1.8V	SPI	25xx	SPI_NOR	true
MX25U1635E	MACRONIX	C22535	2097152	256	1.8V	SPI	25xx	SPI_NOR	true
MX25U25643G	MACRONIX	C22539	33554432	256	1.8V	SPI	25xx	SPI_NOR	true
MX25U25645G	MACRONIX	C22539	33554432	256	1.8V	SPI	25xx	SPI_NOR	true
MX25U3235E/F	MACRONIX	C22536	4194304	256	1.8V	SPI	25xx	SPI_NOR	true
MX25U51245G	MACRONIX	C2253A	67108864	256	1.8V	SPI	25xx	SPI_NOR	true
MX25U6435E/F	MACRONIX	C22537	8388608	256	1.8V	SPI	25xx	SPI_NOR	true
MX25U8032E	MACRONIX	C22534	1048576	256	1.8V	SPI	25xx	SPI_NOR	true
MX25V16066	MACRONIX	C22015	2097152	256	2.7-3.6V	SPI	25xx	SPI_NOR	true
MX25V1635F	MACRONIX	C22315	2097152	256	2.3-3.6V	SPI	25xx	SPI_NOR	true
MX25V4035F	MACRONIX	C22313	524288	256	2.3-3.6V	SPI	25xx	SPI_NOR	true
MX25V8035F	MACRONIX	C22314	1048576	256	2.3-3.6V	SPI	25xx	SPI_NOR	true
MX66L1G45G	MACRONIX	C2201B	134217728	256	2.7-3.6V	SPI	25xx	SPI_NOR	true
MX66L2G45G	MACRONIX	C2201C	268435456	256	2.7-3.6V	SPI	25xx	SPI_NOR	true
MX66L51235F/MX25L51245G	MACRONIX	C2201A	67108864	256	2.7-3.6V	SPI	25xx	SPI_NOR	true
MX66U1G45G	MACRONIX	C2253B	134217728	256	1.8V	SPI	25xx	SPI_NOR	true
MX66U2G45G	MACRONIX	C2253C	268435456	256	1.8V	SPI	25xx	SPI_NOR	true
MX77L25650F	MACRONIX	C27519	33554432	256	2.7-3.6V	SPI	25xx	SPI_NOR	true
MX77U25650F	MACRONIX	C27539	33554432	256	1.8V	SPI	25xx	SPI_NOR	true
MX77U51250F	MACRONIX	C2753A	67108864	256	1.8V	SPI	25xx	SPI_NOR	true
W25P16	WINBOND	EF2015	2097152	256	2.7-3.6V	SPI	25xx	SPI_NOR	true
W25P32	WINBOND	EF2016	4194304	256	2.7-3.6V	SPI	25xx	SPI_NOR	true
W25P80	WINBOND	EF2014	1048576	256	2.7-3.6V	SPI	25xx	SPI_NOR	true
W25Q16JV_M	WINBOND	EF7015	2097152	256	2.7-3.6V	SPI	25xx	SPI_NOR	true
W25Q256JV_M	WINBOND	EF7019	33554432	256	2.7-3.6V	SPI	25xx	SPI_NOR	true
W25Q256JV_Q	WINBOND	EF4019	33554432	256	2.7-3.6V	SPI	25xx	SPI_NOR	true
W25Q256JW_DTR	WINBOND	EF8019	33554432	256	1.8V	SPI	25xx	SPI_NOR	true
W25Q32BV/W25Q32CV/W25Q32DV	WINBOND	EF4016	4194304	256	2.7-3.6V	SPI	25xx	SPI_NOR	true
W25Q32BW/W25Q32CW/W25Q32DW	WINBOND	EF6016	4194304	256	1.8V	SPI	25xx	SPI_NOR	true
W25Q32JV_M	WINBOND	EF7016	4194304	256	2.7-3.6V	SPI	25xx	SPI_NOR	true
W25Q40BW	WINBOND	EF5013	524288	256	1.8V	SPI	25xx	SPI_NOR	true
W25Q512JV_M	WINBOND	EF7020	67108864	256	2.7-3.6V	SPI	25xx	SPI_NOR	true
W25Q512NW-IM	WINBOND	EF8020	67108864	256	1.8V	SPI	25xx	SPI_NOR	true
W25Q64BV/W25Q64CV/W25Q64FV	WINBOND	EF4017	8388608	256	2.7-3.6V	SPI	25xx	SPI_NOR	true
W25Q80BV/W25Q80DV	WINBOND	EF4014	1048576	256	2.7-3.6V	SPI	25xx	SPI_NOR	true
W25Q80BW	WINBOND	EF5014	1048576	256	1.8V	SPI	25xx	SPI_NOR	true
W25Q80RV	WINBOND	EF4014	1048576	256	2.7-3.6V	SPI	25xx	SPI_NOR	true
W25R256JW	WINBOND	EF6019	33554432	256	1.8V	SPI	25xx	SPI_NOR	true
W25R512NW/W74M51NW	WINBOND	EF6020	67108864	256	1.8V	SPI	25xx	SPI_NOR	true
W25X05	WINBOND	EF3010	65536	256	2.3-3.6V	SPI	25xx	SPI_NOR	true
W25X64	WINBOND	EF3017	8388608	256	2.7-3.6V	SPI	25xx	SPI_NOR	true
W35T02NW	WINBOND	EF5B1C	268435456	256	1.8V	SPI	25xx	SPI_NOR	true
W77Q01NWQ	WINBOND	EF8A1B	134217728	256	1.8V	SPI	25xx	SPI_NOR	true
W77Q128JV	WINBOND	EF4A18	16777216	256	2.7-3.6V	SPI	25xx	SPI_NOR	true
W77Q128JW	WINBOND	EF8A18	16777216	256	1.8V	SPI	25xx	SPI_NOR	true
W77Q12NW	WINBOND	EF8A18	16777216	256	1.8V	SPI	25xx	SPI_NOR	true
W77Q16JW	WINBOND	EF8A16	2097152	256	1.8V	SPI	25xx	SPI_NOR	true
W77Q25NWS	WINBOND	EF8A19	33554432	256	1.8V	SPI	25xx	SPI_NOR	true
W77Q32JW	WINBOND	EF8A16	4194304	256	1.8V	SPI	25xx	SPI_NOR	true
W77Q51NWD	WINBOND	EF8A1A	67108864	256	1.8V	SPI	25xx	SPI_NOR	true
W77Q64JV	WINBOND	EF4A17	8388608	256	2.7-3.6V	SPI	25xx	SPI_NOR	true
W77Q64JW	WINBOND	EF8A17	8388608	256	1.8V	SPI	25xx	SPI_NOR	true
W77Q64NW	WINBOND	EF8A17	8388608	256	1.8V	SPI	25xx	SPI_NOR	true
W77T01NWQ	WINBOND	EF8E1B	134217728	256	1.8V	SPI	25xx	SPI_NOR	true
W77T12NW	WINBOND	EF8E18	16777216	256	1.8V	SPI	25xx	SPI_NOR	true
W77T25NWS	WINBOND	EF8E19	33554432	256	1.8V	SPI	25xx	SPI_NOR	true
W77T51NWD	WINBOND	EF8E1A	67108864	256	1.8V	SPI	25xx	SPI_NOR	true
W77T64NW	WINBOND	EF8E17	8388608	256	1.8V	SPI	25xx	SPI_NOR	true
